[{"id":1,"titulo":"Crissie","transaccion":"Buck","descripcion":"Maecenas leo odio, condimentum id, luctus nec, molestie sed, justo. Pellentesque viverra pede ac diam. Cras pellentesque volutpat dui.","precio":"Yuan Renminbi","num_wc":22,"num_estacionamiento":99,"num_dormitorio":95,"active":"false"},{"id":2,"titulo":"Tanya","transaccion":"Flukes","descripcion":"In congue. Etiam justo. Etiam pretium iaculis justo.","precio":"Dollar","num_wc":51,"num_estacionamiento":92,"num_dormitorio":50,"active":false},{"id":3,"titulo":"Claudian","transaccion":"Lotherington","descripcion":"In quis justo. Maecenas rhoncus aliquam lacus. Morbi quis tortor id nulla ultrices aliquet.","precio":"Euro","num_wc":76,"num_estacionamiento":43,"num_dormitorio":94,"active":"false"},{"id":4,"titulo":"Agretha","transaccion":"Barrick","descripcion":"Aenean fermentum. Donec ut mauris eget massa tempor convallis. Nulla neque libero, convallis eget, eleifend luctus, ultricies eu, nibh.\n\nQuisque id justo sit amet sapien dignissim vestibulum. Vestibulum ante ipsum primis in faucibus orci luctus et ultrices posuere cubilia Curae; Nulla dapibus dolor vel est. Donec odio justo, sollicitudin ut, suscipit a, feugiat et, eros.","precio":"Peso","num_wc":3,"num_estacionamiento":92,"num_dormitorio":50,"active":false},{"id":5,"titulo":"Giffer","transaccion":"Fancy","descripcion":"Quisque porta volutpat erat. Quisque erat eros, viverra eget, congue eget, semper rutrum, nulla. Nunc purus.","precio":"Rupiah","num_wc":83,"num_estacionamiento":73,"num_dormitorio":43,"active":false},{"id":6,"titulo":"Natala","transaccion":"Kemer","descripcion":"Maecenas leo odio, condimentum id, luctus nec, molestie sed, justo. Pellentesque viverra pede ac diam. Cras pellentesque volutpat dui.","precio":"Rupiah","num_wc":90,"num_estacionamiento":82,"num_dormitorio":56,"active":false},{"id":7,"titulo":"Wilbert","transaccion":"Nutley","descripcion":"Quisque id justo sit amet sapien dignissim vestibulum. Vestibulum ante ipsum primis in faucibus orci luctus et ultrices posuere cubilia Curae; Nulla dapibus dolor vel est. Donec odio justo, sollicitudin ut, suscipit a, feugiat et, eros.","precio":"Peso","num_wc":61,"num_estacionamiento":58,"num_dormitorio":60,"active":false},{"id":8,"titulo":"Tod","transaccion":"Rozenbaum","descripcion":"Duis bibendum. Morbi non quam nec dui luctus rutrum. Nulla tellus.","precio":"Yuan Renminbi","num_wc":68,"num_estacionamiento":52,"num_dormitorio":52,"active":false},{"id":9,"titulo":"Cleavland","transaccion":"Laugharne","descripcion":"Quisque id justo sit amet sapien dignissim vestibulum. Vestibulum ante ipsum primis in faucibus orci luctus et ultrices posuere cubilia Curae; Nulla dapibus dolor vel est. Donec odio justo, sollicitudin ut, suscipit a, feugiat et, eros.\n\nVestibulum ac est lacinia nisi venenatis tristique. Fusce congue, diam id ornare imperdiet, sapien urna pretium nisl, ut volutpat sapien arcu sed augue. Aliquam erat volutpat.\n\nIn congue. Etiam justo. Etiam pretium iaculis justo.","precio":"Dollar","num_wc":78,"num_estacionamiento":80,"num_dormitorio":19,"active":"false"},{"id":"10","titulo":"Burnaby","transaccion":"Hotson","descripcion":"nueva descripcion","precio":"Taka","num_wc":"72","num_estacionamiento":"76","num_dormitorio":"90","active":"true"},{"id":11,"titulo":"Adham","transaccion":"Bottrell","descripcion":"Quisque id justo sit amet sapien dignissim vestibulum. Vestibulum ante ipsum primis in faucibus orci luctus et ultrices posuere cubilia Curae; Nulla dapibus dolor vel est. Donec odio justo, sollicitudin ut, suscipit a, feugiat et, eros.\n\nVestibulum ac est lacinia nisi venenatis tristique. Fusce congue, diam id ornare imperdiet, sapien urna pretium nisl, ut volutpat sapien arcu sed augue. Aliquam erat volutpat.","precio":"Dollar","num_wc":78,"num_estacionamiento":70,"num_dormitorio":22,"active":true},{"id":12,"titulo":"Darb","transaccion":"Milliken","descripcion":"Fusce consequat. Nulla nisl. Nunc nisl.\n\nDuis bibendum, felis sed interdum venenatis, turpis enim blandit mi, in porttitor pede justo eu massa. Donec dapibus. Duis at velit eu est congue elementum.\n\nIn hac habitasse platea dictumst. Morbi vestibulum, velit id pretium iaculis, diam erat fermentum justo, nec condimentum neque sapien placerat ante. Nulla justo.","precio":"Yuan Renminbi","num_wc":80,"num_estacionamiento":47,"num_dormitorio":37,"active":true},{"id":13,"titulo":"Agnella","transaccion":"Shakesbye","descripcion":"Proin interdum mauris non ligula pellentesque ultrices. Phasellus id sapien in sapien iaculis congue. Vivamus metus arcu, adipiscing molestie, hendrerit at, vulputate vitae, nisl.","precio":"Yen","num_wc":86,"num_estacionamiento":57,"num_dormitorio":78,"active":true},{"id":14,"titulo":"Carma","transaccion":"Fairpool","descripcion":"Proin leo odio, porttitor id, consequat in, consequat ut, nulla. Sed accumsan felis. Ut at dolor quis odio consequat varius.\n\nInteger ac leo. Pellentesque ultrices mattis odio. Donec vitae nisi.\n\nNam ultrices, libero non mattis pulvinar, nulla pede ullamcorper augue, a suscipit nulla elit ac nulla. Sed vel enim sit amet nunc viverra dapibus. Nulla suscipit ligula in lacus.","precio":"Yen","num_wc":58,"num_estacionamiento":71,"num_dormitorio":51,"active":true},{"id":15,"titulo":"Rosalia","transaccion":"Slatten","descripcion":"Quisque id justo sit amet sapien dignissim vestibulum. Vestibulum ante ipsum primis in faucibus orci luctus et ultrices posuere cubilia Curae; Nulla dapibus dolor vel est. Donec odio justo, sollicitudin ut, suscipit a, feugiat et, eros.\n\nVestibulum ac est lacinia nisi venenatis tristique. Fusce congue, diam id ornare imperdiet, sapien urna pretium nisl, ut volutpat sapien arcu sed augue. Aliquam erat volutpat.\n\nIn congue. Etiam justo. Etiam pretium iaculis justo.","precio":"Rupiah","num_wc":84,"num_estacionamiento":94,"num_dormitorio":96,"active":false},{"id":16,"titulo":"Karee","transaccion":"Woolward","descripcion":"Lorem ipsum dolor sit amet, consectetuer adipiscing elit. Proin risus. Praesent lectus.\n\nVestibulum quam sapien, varius ut, blandit non, interdum in, ante. Vestibulum ante ipsum primis in faucibus orci luctus et ultrices posuere cubilia Curae; Duis faucibus accumsan odio. Curabitur convallis.\n\nDuis consequat dui nec nisi volutpat eleifend. Donec ut dolor. Morbi vel lectus in quam fringilla rhoncus.","precio":"Rupiah","num_wc":36,"num_estacionamiento":86,"num_dormitorio":72,"active":true},{"id":17,"titulo":"Ahmad","transaccion":"MacRury","descripcion":"Proin interdum mauris non ligula pellentesque ultrices. Phasellus id sapien in sapien iaculis congue. Vivamus metus arcu, adipiscing molestie, hendrerit at, vulputate vitae, nisl.","precio":"Ruble","num_wc":31,"num_estacionamiento":93,"num_dormitorio":64,"active":true},{"id":18,"titulo":"Fanni","transaccion":"Nijs","descripcion":"Curabitur gravida nisi at nibh. In hac habitasse platea dictumst. Aliquam augue quam, sollicitudin vitae, consectetuer eget, rutrum at, lorem.\n\nInteger tincidunt ante vel ipsum. Praesent blandit lacinia erat. Vestibulum sed magna at nunc commodo placerat.","precio":"Zloty","num_wc":57,"num_estacionamiento":92,"num_dormitorio":43,"active":true},{"id":19,"titulo":"Rebbecca","transaccion":"Juggings","descripcion":"Fusce consequat. Nulla nisl. Nunc nisl.\n\nDuis bibendum, felis sed interdum venenatis, turpis enim blandit mi, in porttitor pede justo eu massa. Donec dapibus. Duis at velit eu est congue elementum.","precio":"Ruble","num_wc":6,"num_estacionamiento":41,"num_dormitorio":49,"active":false},{"id":20,"titulo":"Lammond","transaccion":"Wilkes","descripcion":"Curabitur gravida nisi at nibh. In hac habitasse platea dictumst. Aliquam augue quam, sollicitudin vitae, consectetuer eget, rutrum at, lorem.\n\nInteger tincidunt ante vel ipsum. Praesent blandit lacinia erat. Vestibulum sed magna at nunc commodo placerat.\n\nPraesent blandit. Nam nulla. Integer pede justo, lacinia eget, tincidunt eget, tempus vel, pede.","precio":"Peso","num_wc":25,"num_estacionamiento":47,"num_dormitorio":24,"active":true},{"id":21,"titulo":"Richmound","transaccion":"Bester","descripcion":"Aenean lectus. Pellentesque eget nunc. Donec quis orci eget orci vehicula condimentum.","precio":"Yuan Renminbi","num_wc":21,"num_estacionamiento":75,"num_dormitorio":50,"active":false},{"id":22,"titulo":"Wilt","transaccion":"Dinkin","descripcion":"Duis bibendum. Morbi non quam nec dui luctus rutrum. Nulla tellus.\n\nIn sagittis dui vel nisl. Duis ac nibh. Fusce lacus purus, aliquet at, feugiat non, pretium quis, lectus.","precio":"Baht","num_wc":13,"num_estacionamiento":97,"num_dormitorio":79,"active":false},{"id":23,"titulo":"Blanca","transaccion":"Dawby","descripcion":"Fusce consequat. Nulla nisl. Nunc nisl.","precio":"Krona","num_wc":15,"num_estacionamiento":87,"num_dormitorio":19,"active":false},{"id":24,"titulo":"Merissa","transaccion":"Pugh","descripcion":"Vestibulum quam sapien, varius ut, blandit non, interdum in, ante. Vestibulum ante ipsum primis in faucibus orci luctus et ultrices posuere cubilia Curae; Duis faucibus accumsan odio. Curabitur convallis.\n\nDuis consequat dui nec nisi volutpat eleifend. Donec ut dolor. Morbi vel lectus in quam fringilla rhoncus.","precio":"Rupiah","num_wc":73,"num_estacionamiento":17,"num_dormitorio":58,"active":true},{"id":25,"titulo":"Kory","transaccion":"Allden","descripcion":"Pellentesque at nulla. Suspendisse potenti. Cras in purus eu magna vulputate luctus.","precio":"Birr","num_wc":85,"num_estacionamiento":46,"num_dormitorio":62,"active":false},{"id":26,"titulo":"Valida","transaccion":"Baskwell","descripcion":"Morbi non lectus. Aliquam sit amet diam in magna bibendum imperdiet. Nullam orci pede, venenatis non, sodales sed, tincidunt eu, felis.\n\nFusce posuere felis sed lacus. Morbi sem mauris, laoreet ut, rhoncus aliquet, pulvinar sed, nisl. Nunc rhoncus dui vel sem.","precio":"Marka","num_wc":17,"num_estacionamiento":79,"num_dormitorio":52,"active":true},{"id":27,"titulo":"Justine","transaccion":"Blue","descripcion":"Cras non velit nec nisi vulputate nonummy. Maecenas tincidunt lacus at velit. Vivamus vel nulla eget eros elementum pellentesque.\n\nQuisque porta volutpat erat. Quisque erat eros, viverra eget, congue eget, semper rutrum, nulla. Nunc purus.","precio":"Ruble","num_wc":72,"num_estacionamiento":82,"num_dormitorio":76,"active":true},{"id":28,"titulo":"Zachery","transaccion":"Galier","descripcion":"Curabitur in libero ut massa volutpat convallis. Morbi odio odio, elementum eu, interdum eu, tincidunt in, leo. Maecenas pulvinar lobortis est.\n\nPhasellus sit amet erat. Nulla tempus. Vivamus in felis eu sapien cursus vestibulum.\n\nProin eu mi. Nulla ac enim. In tempor, turpis nec euismod scelerisque, quam turpis adipiscing lorem, vitae mattis nibh ligula nec sem.","precio":"Rupiah","num_wc":92,"num_estacionamiento":37,"num_dormitorio":79,"active":false},{"id":29,"titulo":"Vivyanne","transaccion":"Showl","descripcion":"Vestibulum ac est lacinia nisi venenatis tristique. Fusce congue, diam id ornare imperdiet, sapien urna pretium nisl, ut volutpat sapien arcu sed augue. Aliquam erat volutpat.","precio":"Rupee","num_wc":71,"num_estacionamiento":20,"num_dormitorio":99,"active":true},{"id":30,"titulo":"Ellsworth","transaccion":"Shimwall","descripcion":"Quisque porta volutpat erat. Quisque erat eros, viverra eget, congue eget, semper rutrum, nulla. Nunc purus.\n\nPhasellus in felis. Donec semper sapien a libero. Nam dui.","precio":"Peso","num_wc":82,"num_estacionamiento":34,"num_dormitorio":26,"active":false},{"id":31,"titulo":"Gilberta","transaccion":"Windridge","descripcion":"Aliquam quis turpis eget elit sodales scelerisque. Mauris sit amet eros. Suspendisse accumsan tortor quis turpis.\n\nSed ante. Vivamus tortor. Duis mattis egestas metus.\n\nAenean fermentum. Donec ut mauris eget massa tempor convallis. Nulla neque libero, convallis eget, eleifend luctus, ultricies eu, nibh.","precio":"Rupiah","num_wc":16,"num_estacionamiento":99,"num_dormitorio":21,"active":false},{"id":32,"titulo":"Margalo","transaccion":"Tuvey","descripcion":"Aenean lectus. Pellentesque eget nunc. Donec quis orci eget orci vehicula condimentum.\n\nCurabitur in libero ut massa volutpat convallis. Morbi odio odio, elementum eu, interdum eu, tincidunt in, leo. Maecenas pulvinar lobortis est.","precio":"Boliviano","num_wc":88,"num_estacionamiento":11,"num_dormitorio":86,"active":false},{"id":33,"titulo":"Juanita","transaccion":"Surgener","descripcion":"Aenean lectus. Pellentesque eget nunc. Donec quis orci eget orci vehicula condimentum.\n\nCurabitur in libero ut massa volutpat convallis. Morbi odio odio, elementum eu, interdum eu, tincidunt in, leo. Maecenas pulvinar lobortis est.","precio":"Peso","num_wc":56,"num_estacionamiento":13,"num_dormitorio":88,"active":false},{"id":34,"titulo":"Rosmunda","transaccion":"Schwandermann","descripcion":"Curabitur in libero ut massa volutpat convallis. Morbi odio odio, elementum eu, interdum eu, tincidunt in, leo. Maecenas pulvinar lobortis est.","precio":"Dong","num_wc":20,"num_estacionamiento":76,"num_dormitorio":62,"active":true},{"id":35,"titulo":"Pam","transaccion":"MacNally","descripcion":"Proin eu mi. Nulla ac enim. In tempor, turpis nec euismod scelerisque, quam turpis adipiscing lorem, vitae mattis nibh ligula nec sem.","precio":"Rupee","num_wc":99,"num_estacionamiento":60,"num_dormitorio":31,"active":true},{"id":36,"titulo":"Maribel","transaccion":"Aldgate","descripcion":"Aliquam quis turpis eget elit sodales scelerisque. Mauris sit amet eros. Suspendisse accumsan tortor quis turpis.","precio":"Sol","num_wc":17,"num_estacionamiento":81,"num_dormitorio":27,"active":false},{"id":37,"titulo":"Bob","transaccion":"Tesche","descripcion":"Quisque porta volutpat erat. Quisque erat eros, viverra eget, congue eget, semper rutrum, nulla. Nunc purus.\n\nPhasellus in felis. Donec semper sapien a libero. Nam dui.\n\nProin leo odio, porttitor id, consequat in, consequat ut, nulla. Sed accumsan felis. Ut at dolor quis odio consequat varius.","precio":"Peso","num_wc":14,"num_estacionamiento":15,"num_dormitorio":39,"active":false},{"id":38,"titulo":"Reta","transaccion":"Clemmett","descripcion":"Nulla ut erat id mauris vulputate elementum. Nullam varius. Nulla facilisi.\n\nCras non velit nec nisi vulputate nonummy. Maecenas tincidunt lacus at velit. Vivamus vel nulla eget eros elementum pellentesque.\n\nQuisque porta volutpat erat. Quisque erat eros, viverra eget, congue eget, semper rutrum, nulla. Nunc purus.","precio":"Yuan Renminbi","num_wc":63,"num_estacionamiento":76,"num_dormitorio":25,"active":true},{"id":39,"titulo":"Any","transaccion":"McNeill","descripcion":"Vestibulum quam sapien, varius ut, blandit non, interdum in, ante. Vestibulum ante ipsum primis in faucibus orci luctus et ultrices posuere cubilia Curae; Duis faucibus accumsan odio. Curabitur convallis.\n\nDuis consequat dui nec nisi volutpat eleifend. Donec ut dolor. Morbi vel lectus in quam fringilla rhoncus.\n\nMauris enim leo, rhoncus sed, vestibulum sit amet, cursus id, turpis. Integer aliquet, massa id lobortis convallis, tortor risus dapibus augue, vel accumsan tellus nisi eu orci. Mauris lacinia sapien quis libero.","precio":"Pula","num_wc":81,"num_estacionamiento":98,"num_dormitorio":82,"active":false},{"id":40,"titulo":"Marnie","transaccion":"Camblin","descripcion":"Aenean lectus. Pellentesque eget nunc. Donec quis orci eget orci vehicula condimentum.","precio":"Ringgit","num_wc":36,"num_estacionamiento":99,"num_dormitorio":25,"active":true},{"id":41,"titulo":"Brandea","transaccion":"Peaurt","descripcion":"Etiam vel augue. Vestibulum rutrum rutrum neque. Aenean auctor gravida sem.\n\nPraesent id massa id nisl venenatis lacinia. Aenean sit amet justo. Morbi ut odio.\n\nCras mi pede, malesuada in, imperdiet et, commodo vulputate, justo. In blandit ultrices enim. Lorem ipsum dolor sit amet, consectetuer adipiscing elit.","precio":"Boliviano","num_wc":29,"num_estacionamiento":25,"num_dormitorio":92,"active":false},{"id":42,"titulo":"Mirabelle","transaccion":"Tomasello","descripcion":"Proin eu mi. Nulla ac enim. In tempor, turpis nec euismod scelerisque, quam turpis adipiscing lorem, vitae mattis nibh ligula nec sem.\n\nDuis aliquam convallis nunc. Proin at turpis a pede posuere nonummy. Integer non velit.\n\nDonec diam neque, vestibulum eget, vulputate ut, ultrices vel, augue. Vestibulum ante ipsum primis in faucibus orci luctus et ultrices posuere cubilia Curae; Donec pharetra, magna vestibulum aliquet ultrices, erat tortor sollicitudin mi, sit amet lobortis sapien sapien non mi. Integer ac neque.","precio":"Dollar","num_wc":35,"num_estacionamiento":26,"num_dormitorio":71,"active":false},{"id":43,"titulo":"Melany","transaccion":"Groven","descripcion":"Vestibulum quam sapien, varius ut, blandit non, interdum in, ante. Vestibulum ante ipsum primis in faucibus orci luctus et ultrices posuere cubilia Curae; Duis faucibus accumsan odio. Curabitur convallis.\n\nDuis consequat dui nec nisi volutpat eleifend. Donec ut dolor. Morbi vel lectus in quam fringilla rhoncus.\n\nMauris enim leo, rhoncus sed, vestibulum sit amet, cursus id, turpis. Integer aliquet, massa id lobortis convallis, tortor risus dapibus augue, vel accumsan tellus nisi eu orci. Mauris lacinia sapien quis libero.","precio":"Som","num_wc":73,"num_estacionamiento":50,"num_dormitorio":21,"active":false},{"id":44,"titulo":"Rosabella","transaccion":"Childers","descripcion":"Fusce posuere felis sed lacus. Morbi sem mauris, laoreet ut, rhoncus aliquet, pulvinar sed, nisl. Nunc rhoncus dui vel sem.\n\nSed sagittis. Nam congue, risus semper porta volutpat, quam pede lobortis ligula, sit amet eleifend pede libero quis orci. Nullam molestie nibh in lectus.\n\nPellentesque at nulla. Suspendisse potenti. Cras in purus eu magna vulputate luctus.","precio":"Rupiah","num_wc":38,"num_estacionamiento":27,"num_dormitorio":17,"active":false},{"id":45,"titulo":"Jakie","transaccion":"Stollwerck","descripcion":"Maecenas ut massa quis augue luctus tincidunt. Nulla mollis molestie lorem. Quisque ut erat.\n\nCurabitur gravida nisi at nibh. In hac habitasse platea dictumst. Aliquam augue quam, sollicitudin vitae, consectetuer eget, rutrum at, lorem.\n\nInteger tincidunt ante vel ipsum. Praesent blandit lacinia erat. Vestibulum sed magna at nunc commodo placerat.","precio":"Birr","num_wc":37,"num_estacionamiento":60,"num_dormitorio":83,"active":false},{"id":46,"titulo":"Alfonse","transaccion":"Farge","descripcion":"Curabitur at ipsum ac tellus semper interdum. Mauris ullamcorper purus sit amet nulla. Quisque arcu libero, rutrum ac, lobortis vel, dapibus at, diam.","precio":"Yuan Renminbi","num_wc":69,"num_estacionamiento":26,"num_dormitorio":100,"active":false},{"id":47,"titulo":"Brittne","transaccion":"Wabersinke","descripcion":"In hac habitasse platea dictumst. Morbi vestibulum, velit id pretium iaculis, diam erat fermentum justo, nec condimentum neque sapien placerat ante. Nulla justo.\n\nAliquam quis turpis eget elit sodales scelerisque. Mauris sit amet eros. Suspendisse accumsan tortor quis turpis.\n\nSed ante. Vivamus tortor. Duis mattis egestas metus.","precio":"Real","num_wc":66,"num_estacionamiento":99,"num_dormitorio":57,"active":false},{"id":48,"titulo":"Hatti","transaccion":"Ickowics","descripcion":"Cras mi pede, malesuada in, imperdiet et, commodo vulputate, justo. In blandit ultrices enim. Lorem ipsum dolor sit amet, consectetuer adipiscing elit.\n\nProin interdum mauris non ligula pellentesque ultrices. Phasellus id sapien in sapien iaculis congue. Vivamus metus arcu, adipiscing molestie, hendrerit at, vulputate vitae, nisl.","precio":"Euro","num_wc":63,"num_estacionamiento":64,"num_dormitorio":8,"active":false},{"id":49,"titulo":"Delmar","transaccion":"Gamlyn","descripcion":"Cras mi pede, malesuada in, imperdiet et, commodo vulputate, justo. In blandit ultrices enim. Lorem ipsum dolor sit amet, consectetuer adipiscing elit.\n\nProin interdum mauris non ligula pellentesque ultrices. Phasellus id sapien in sapien iaculis congue. Vivamus metus arcu, adipiscing molestie, hendrerit at, vulputate vitae, nisl.","precio":"Rupiah","num_wc":40,"num_estacionamiento":39,"num_dormitorio":96,"active":false},{"id":50,"titulo":"Erl","transaccion":"Keerl","descripcion":"Nullam sit amet turpis elementum ligula vehicula consequat. Morbi a ipsum. Integer a nibh.","precio":"Franc","num_wc":1,"num_estacionamiento":2,"num_dormitorio":72,"active":true},{"id":"51","titulo":"Nuevo Anuncio","transaccion":"venta","descripcion":"La descripcion del nuevo anuncio","precio":"10","num_wc":"2","num_estacionamiento":"3","num_dormitorio":"4","active":"true"},{"id":"52","titulo":"Nuevo Anuncio","transaccion":"venta","descripcion":"La descripcion del nuevo anuncio","precio":"10","num_wc":"2","num_estacionamiento":"3","num_dormitorio":"4","active":"true"},{"id":"53","titulo":"Nuevo Anuncio","transaccion":"venta","descripcion":"La descripcion del nuevo anuncio","precio":"10","num_wc":"2","num_estacionamiento":"3","num_dormitorio":"4","active":"true"},{"id":"54","titulo":"Nuevo Anuncio","transaccion":"venta","descripcion":"La descripcion del nuevo anuncio","precio":"10","num_wc":"2","num_estacionamiento":"3","num_dormitorio":"4","active":"true"}]