[{"id":"1","titulo":"Casa de Lujo en la montaña","transaccion":"Venta","descripcion":"Casa en la montaña con excelente vista, acabados de lujo a un precio irresistible","precio":"$4,500,0000","num_wc":"3","num_estacionamiento":1,"num_dormitorio":5,"active":"false"},{"id":"2","titulo":"Mansion de Lujo","transaccion":"Venta","descripcion":"Mansion de lujo con helipuerto a un precio irresistible. Ideal para transportarse facilmente","precio":"$5,310,0000","num_wc":"4","num_estacionamiento":4,"num_dormitorio":5,"active":"true"},{"id":"3","titulo":"aaa","transaccion":"venta","descripcion":"nueva descripcion","precio":"1","num_wc":"1","num_estacionamiento":"10","num_dormitorio":"12","active":"true"},{"id":"4","titulo":"asd","transaccion":"alquiler","descripcion":"asd","precio":"12","num_wc":"1","num_estacionamiento":"1","num_dormitorio":"1","active":"true"},{"id":"5","titulo":"rr","transaccion":"venta","descripcion":"rr","precio":"1","num_wc":"1","num_estacionamiento":"1","num_dormitorio":"2","active":"false"},{"id":"6","titulo":"tituloa","transaccion":"dfdf","descripcion":"sdfff","precio":"45","num_wc":"1","num_estacionamiento":"1","num_dormitorio":"1","active":"true"},{"id":"7","titulo":"Nuevo Anuncio","transaccion":"venta","descripcion":"La descripcion del nuevo anuncio","precio":"10","num_wc":"2","num_estacionamiento":"3","num_dormitorio":"4","active":"true"}]