[{"id":"1","titulo":"Casa de Lujo en la montaña","transaccion":"Venta","descripcion":"Casa en la montaña con excelente vista, acabados de lujo a un precio irresistible","precio":"4500","num_wc":"3","num_estacionamiento":"1","num_dormitorio":"5","active":true},{"id":"2","titulo":"Mansion de Lujo","transaccion":"Venta","descripcion":"Mansion de lujo con helipuerto a un precio irresistible. Ideal para transportarse facilmente","precio":"$5,310,0000","num_wc":"4","num_estacionamiento":4,"num_dormitorio":5,"active":"true"},{"id":"3","titulo":"Casa modificada","transaccion":"venta","descripcion":"aaaaa","precio":"1000000","num_wc":"1","num_estacionamiento":"10","num_dormitorio":"12"},{"id":"4","titulo":"Titulo","transaccion":"alquiler","descripcion":"898998","precio":"12","num_wc":"1","num_estacionamiento":"1","num_dormitorio":"1"},{"id":"5","titulo":"rr","transaccion":"venta","descripcion":"rr","precio":"1","num_wc":"1","num_estacionamiento":"1","num_dormitorio":"2","active":"false"},{"id":"6","titulo":"tituloa","transaccion":"alquiler","descripcion":"eeeeeeeee","precio":"45","num_wc":"1","num_estacionamiento":"1","num_dormitorio":"1"},{"id":"7","titulo":"Casa comun","transaccion":"alquiler","descripcion":"casa de mierda","precio":"5000000","num_wc":"2","num_estacionamiento":"2","num_dormitorio":"2","active":"true"},{"id":"8","titulo":"Casa","transaccion":"alquiler","descripcion":"/*/*/*/*/","precio":"50000","num_wc":"2","num_estacionamiento":"2","num_dormitorio":"2","active":true},{"id":"9","titulo":"nuevo","transaccion":"alquiler","descripcion":"aaa","precio":"$10000000","num_wc":"0","num_estacionamiento":"2","num_dormitorio":"2","active":"false"},{"id":"10","titulo":"Casa chota en la villa","transaccion":"Venta","descripcion":"casa de carton","precio":"$2500000","num_wc":"1","num_estacionamiento":"1","num_dormitorio":"1","active":"true"}]